{"loss": 0.1852807253599167, "acc": 0.9473841786384583}