{"loss": 0.19115552306175232, "acc": 0.9438897967338562}