{"loss": 0.2846433222293854, "acc": 0.925319492816925}