{"loss": 0.11632104963064194, "acc": 0.9637579917907715, "best_width": 64}